AE-VML,8556320,6 × 19,70,6,4,"4,200"
AE-VML,8556322,8 × 25,80,8,4,"7,600"
AE-VML,8556324,10 × 31,90,10,4,"11,100"
AE-VML,8556326,12 × 38,100,12,4,"14,700"
AE-VML,8556374,16 × 50,125,16,6,"37,500"
AE-VML,8556376,20 × 62,135,20,6,"54,100"
AE-VML,8556328,6 × 24,70,6,4,"6,660"
AE-VML,8556330,8 × 32,90,8,4,"12,200"
AE-VML,8556332,10 × 40,100,10,4,"16,600"
AE-VML,8556334,12 × 48,110,12,4,"21,900"
AE-VML,8556378,16 × 64,140,16,6,"56,400"
AE-VML,8556380,20 × 80,155,20,6,"81,000"
AE-VML(ラジアス),8556336,6 ×  19  ×  R0.3,70,6,4,"6,160"
AE-VML(ラジアス),8556337,6 ×  19  ×  R0.5,70,6,4,"6,160"
AE-VML(ラジアス),8556338,6 ×  19  ×  R1,70,6,4,"6,160"
AE-VML(ラジアス),8556339,8 ×  25  ×  R0.3,80,8,4,"9,140"
AE-VML(ラジアス),8556340,8 ×  25  ×  R0.5,80,8,4,"9,140"
AE-VML(ラジアス),8556341,8 ×  25  ×  R1,80,8,4,"9,140"
AE-VML(ラジアス),8556342,8 ×  25  ×  R1.5,80,8,4,"9,140"
AE-VML(ラジアス),8556343,8 ×  25  ×  R2,80,8,4,"9,140"
AE-VML(ラジアス),8556344,10 ×  31  ×  R0.3,90,10,4,"13,200"
AE-VML(ラジアス),8556345,10 ×  31  ×  R0.5,90,10,4,"13,200"
AE-VML(ラジアス),8556346,10 ×  31  ×  R1,90,10,4,"13,200"
AE-VML(ラジアス),8556347,10 ×  31  ×  R1.5,90,10,4,"13,200"
AE-VML(ラジアス),8556348,10 ×  31  ×  R2,90,10,4,"13,200"
AE-VML(ラジアス),8556349,10 ×  31  ×  R3,90,10,4,"13,200"
AE-VML(ラジアス),8556350,12 ×  38  ×  R0.5,100,12,4,"17,600"
AE-VML(ラジアス),8556351,12 ×  38  ×  R1,100,12,4,"17,600"
AE-VML(ラジアス),8556352,12 ×  38  ×  R1.5,100,12,4,"17,600"
AE-VML(ラジアス),8556353,12 ×  38  ×  R2,100,12,4,"17,600"
AE-VML(ラジアス),8556354,12 ×  38  ×  R3,100,12,4,"17,600"
AE-VML(ラジアス),8556355,6  ×  24  ×  R0.3,70,6,4,"6,800"
AE-VML(ラジアス),8556356,6  ×  24  ×  R0.5,70,6,4,"6,800"
AE-VML(ラジアス),8556357,6  ×  24  ×  R1,70,6,4,"6,800"
AE-VML(ラジアス),8556358,8  ×  32  ×  R0.3,90,8,4,"14,700"
AE-VML(ラジアス),8556359,8  ×  32  ×  R0.5,90,8,4,"14,700"
AE-VML(ラジアス),8556360,8  ×  32  ×  R1,90,8,4,"14,700"
AE-VML(ラジアス),8556361,8  ×  32  ×  R1.5,90,8,4,"14,700"
AE-VML(ラジアス),8556362,8  ×  32  ×  R2,90,8,4,"14,700"
AE-VML(ラジアス),8556363,10  ×  40  ×  R0.3,100,10,4,"20,100"
AE-VML(ラジアス),8556364,10  ×  40  ×  R0.5,100,10,4,"20,100"
AE-VML(ラジアス),8556365,10  ×  40  ×  R1,100,10,4,"20,100"
AE-VML(ラジアス),8556366,10  ×  40  ×  R1.5,100,10,4,"20,100"
AE-VML(ラジアス),8556367,10  ×  40  ×  R2,100,10,4,"20,100"
AE-VML(ラジアス),8556368,10  ×  40  ×  R3,100,10,4,"20,100"
AE-VML(ラジアス),8556369,12  ×  48  ×  R0.5,110,12,4,"26,200"
AE-VML(ラジアス),8556370,12  ×  48  ×  R1,110,12,4,"26,200"
AE-VML(ラジアス),8556371,12  ×  48  ×  R1.5,110,12,4,"26,200"
AE-VML(ラジアス),8556372,12  ×  48  ×  R2,110,12,4,"26,200"
AE-VML(ラジアス),8556373,12  ×  48  ×  R3,110,12,4,"26,200"
AE-VML-N,8556321,6 × 19 - N,70,6,4,"6,150"
AE-VML-N,8556323,8 × 25 - N,80,8,4,"9,600"
AE-VML-N,8556325,10 × 31 - N,90,10,4,"13,300"
AE-VML-N,8556327,12 × 38 - N,100,12,4,"17,600"
AE-VML-N,8556375,16 × 50 - N,125,16,5,"45,000"
AE-VML-N,8556377,20 × 62 - N,135,20,5,"64,800"
AE-VML-N,8556329,6 × 24 - N,70,6,4,"8,500"
AE-VML-N,8556331,8 × 32 - N,90,8,4,"14,200"
AE-VML-N,8556333,10 × 40 - N,100,10,4,"18,800"
AE-VML-N,8556335,12 × 48 - N,110,12,4,"24,900"
AE-VML-N,8556379,16 × 64 - N,140,16,5,"67,500"
AE-VML-N,8556381,20 × 80 - N,155,20,5,"97,300"